data_name,bias1,ml_name,method_name,Intercept,bias_type
titanic,-0.010823617121536,KNN,mean_v1,0.614171009326119,bias one
titanic,-0.002381565407352,KNN,mean_v2,0.597444858728226,bias one
titanic,-0.006906382797958,KNN,similar_v1,0.609031976755336,bias one
titanic,-0.003370022981039,KNN,similar_v2,0.583265765367882,bias one
titanic,0.025701801337185,KNN,multi_v1,0.559880206862921,bias one
titanic,0.018338575916386,KNN,multi_v2,0.554567849742083,bias one
titanic,-0.014638148892868,LinearSVC,mean_v1,0.650908509823655,bias one
titanic,-0.006766207308677,LinearSVC,mean_v2,0.605052416970181,bias one
titanic,-0.017449721163099,LinearSVC,similar_v1,0.653389702015748,bias one
titanic,-0.012054827430848,LinearSVC,similar_v2,0.613640418398313,bias one
titanic,0.000328768312002,LinearSVC,multi_v1,0.607559936241718,bias one
titanic,-0.00885869667699,LinearSVC,multi_v2,0.59392129371174,bias one
titanic,-0.013848136617635,SVC,mean_v1,0.664180329511552,bias one
titanic,-0.001281109461774,SVC,mean_v2,0.637289287567471,bias one
titanic,-0.010754377815659,SVC,similar_v1,0.656060358967143,bias one
titanic,-0.008629458932312,SVC,similar_v2,0.62624699187307,bias one
titanic,0.022203961154722,SVC,multi_v1,0.599858238199379,bias one
titanic,-0.002614699654969,SVC,multi_v2,0.600275132611848,bias one
titanic,-0.002587731624349,Forest,mean_v1,0.678501039221111,bias one
titanic,0.000777381652228,Forest,mean_v2,0.642936318441572,bias one
titanic,0.008349243171444,Forest,similar_v1,0.661454136188189,bias one
titanic,0.002028327726269,Forest,similar_v2,0.659189941468657,bias one
titanic,0.018456510684832,Forest,multi_v1,0.63168974611192,bias one
titanic,0.017431456793393,Forest,multi_v2,0.631010134733911,bias one
titanic,-0.019008908074774,LogReg,mean_v1,0.657961009516769,bias one
titanic,-0.008638609378361,LogReg,mean_v2,0.620372027904679,bias one
titanic,-0.017426605736059,LogReg,similar_v1,0.663982138490059,bias one
titanic,-0.013705767901786,LogReg,similar_v2,0.621670027174412,bias one
titanic,0.003483376157114,LogReg,multi_v1,0.611351206659219,bias one
titanic,-0.007758860632122,LogReg,multi_v2,0.59643963479003,bias one
titanic,-0.001351249481903,Tree,mean_v1,0.651186197522907,bias one
titanic,0.006022468782105,Tree,mean_v2,0.603076964595388,bias one
titanic,0.010193900713199,Tree,similar_v1,0.63047385479009,bias one
titanic,0.007053632623306,Tree,similar_v2,0.618980686199966,bias one
titanic,0.021699008297961,Tree,multi_v1,0.603726636108217,bias one
titanic,0.021943988639939,Tree,multi_v2,0.603416045901872,bias one
titanic,-0.014009835933226,MLP,mean_v1,0.63718198678219,bias one
titanic,-0.003486471560493,MLP,mean_v2,0.631796758675067,bias one
titanic,-0.014330492927782,MLP,similar_v1,0.643522006399653,bias one
titanic,-0.006587448938702,MLP,similar_v2,0.610804080985961,bias one
titanic,0.007005220678989,MLP,multi_v1,0.597368589193665,bias one
titanic,-0.00316813899192,MLP,multi_v2,0.591195968797337,bias one
german,-0.047057249447562,KNN,mean_v1,0.646987014723475,bias one
german,-0.020075880002039,KNN,mean_v2,0.645458913523454,bias one
german,-0.035836627885587,KNN,similar_v1,0.634080080481463,bias one
german,-0.018923645197255,KNN,similar_v2,0.633276695489655,bias one
german,0.021612293906285,KNN,multi_v1,0.621355083849984,bias one
german,0.000173614373046,KNN,multi_v2,0.628326635706343,bias one
german,-0.025188043551706,LinearSVC,mean_v1,0.666980771852622,bias one
german,-0.018394840118202,LinearSVC,mean_v2,0.664623425764632,bias one
german,-0.02065447802402,LinearSVC,similar_v1,0.653406449315697,bias one
german,-0.017691993786001,LinearSVC,similar_v2,0.656635914519896,bias one
german,0.00525871202096,LinearSVC,multi_v1,0.608661566052702,bias one
german,-0.006058322422475,LinearSVC,multi_v2,0.612326643230504,bias one
german,-0.023838632493936,SVC,mean_v1,0.661164986522358,bias one
german,-0.017717923655624,SVC,mean_v2,0.659661156675245,bias one
german,-0.020128435141028,SVC,similar_v1,0.648312765004962,bias one
german,-0.018238769801006,SVC,similar_v2,0.651388556894589,bias one
german,0.009015275031991,SVC,multi_v1,0.606027372859111,bias one
german,0.002321726866826,SVC,multi_v2,0.613196318491235,bias one
german,-0.029959143219906,Forest,mean_v1,0.635513620727159,bias one
german,-0.021532495142934,Forest,mean_v2,0.646878188651526,bias one
german,-0.039141497128029,Forest,similar_v1,0.698840757517409,bias one
german,-0.030411454644953,Forest,similar_v2,0.701451962147334,bias one
german,0.037680917985985,Forest,multi_v1,0.681237253281829,bias one
german,0.013816591021568,Forest,multi_v2,0.692847001883453,bias one
german,-0.025291753877223,LogReg,mean_v1,0.670884450500763,bias one
german,-0.018650612579933,LogReg,mean_v2,0.669471190070872,bias one
german,-0.021799464462763,LogReg,similar_v1,0.657719951560755,bias one
german,-0.017441582853237,LogReg,similar_v2,0.660632450086214,bias one
german,0.008837409103609,LogReg,multi_v1,0.61069563247484,bias one
german,-0.007871425034882,LogReg,multi_v2,0.615661438551669,bias one
german,-0.030508996652946,Tree,mean_v1,0.606534200061194,bias one
german,-0.017042755670842,Tree,mean_v2,0.617001678890271,bias one
german,-0.029148210761899,Tree,similar_v1,0.643073784178301,bias one
german,-0.020314548200236,Tree,similar_v2,0.642422681454123,bias one
german,0.012815735763093,Tree,multi_v1,0.617341496824633,bias one
german,-0.009401510015909,Tree,multi_v2,0.623301274982747,bias one
german,-0.032075081855285,MLP,mean_v1,0.666219677183016,bias one
german,-0.021768980901519,MLP,mean_v2,0.667526164653983,bias one
german,-0.029719929775502,MLP,similar_v1,0.654482392073256,bias one
german,-0.021588478387591,MLP,similar_v2,0.65723875431344,bias one
german,0.009414879967896,MLP,multi_v1,0.643448118172718,bias one
german,0.000316469679486,MLP,multi_v2,0.653532375695143,bias one
juvenile,-0.045989351276701,KNN,mean_v1,0.624134679428966,bias one
juvenile,-0.012943902680743,KNN,mean_v2,0.625838465194409,bias one
juvenile,-0.042364327437696,KNN,similar_v1,0.614048438179278,bias one
juvenile,-0.021168638654932,KNN,similar_v2,0.616240034945369,bias one
juvenile,0.001393435917682,KNN,multi_v1,0.609290172844575,bias one
juvenile,0.005241396660293,KNN,multi_v2,0.608980079847516,bias one
juvenile,-0.015239673084068,LinearSVC,mean_v1,0.622102245018765,bias one
juvenile,-0.00908885167374,LinearSVC,mean_v2,0.6250305257308,bias one
juvenile,-0.01274855543829,LinearSVC,similar_v1,0.613667623563085,bias one
juvenile,-0.006666289014913,LinearSVC,similar_v2,0.616419775919086,bias one
juvenile,0.005812708212908,LinearSVC,multi_v1,0.587194635304337,bias one
juvenile,-0.012411527992919,LinearSVC,multi_v2,0.592873000514917,bias one
juvenile,-0.001536359584847,SVC,mean_v1,0.411127590594542,bias one
juvenile,-0.001153614721712,SVC,mean_v2,0.41241238701611,bias one
juvenile,-0.002282377929544,SVC,similar_v1,0.435322541755515,bias one
juvenile,-0.001481213557507,SVC,similar_v2,0.435047318006213,bias one
juvenile,-0.005801906394341,SVC,multi_v1,0.472560785536594,bias one
juvenile,-0.003336696810238,SVC,multi_v2,0.4584534852631,bias one
juvenile,-0.010082299390832,Forest,mean_v1,0.557274013660228,bias one
juvenile,-0.00589862449004,Forest,mean_v2,0.573919525854303,bias one
juvenile,-0.028708236241192,Forest,similar_v1,0.664002230221221,bias one
juvenile,-0.006857592655529,Forest,similar_v2,0.670382046235101,bias one
juvenile,-0.05811034203885,Forest,multi_v1,0.646181172791307,bias one
juvenile,-0.063545126912446,Forest,multi_v2,0.654665466844314,bias one
juvenile,-0.019163400826236,LogReg,mean_v1,0.622777300470963,bias one
juvenile,-0.004133343858362,LogReg,mean_v2,0.620686763823098,bias one
juvenile,-0.017168684980727,LogReg,similar_v1,0.615322162161473,bias one
juvenile,-0.007034260520857,LogReg,similar_v2,0.616724518683537,bias one
juvenile,0.004686497991924,LogReg,multi_v1,0.587526142826348,bias one
juvenile,-0.010179436929709,LogReg,multi_v2,0.592098990403855,bias one
juvenile,-0.010893739107474,Tree,mean_v1,0.562769188737474,bias one
juvenile,-0.006472755599523,Tree,mean_v2,0.592002666601102,bias one
juvenile,-0.00778480879428,Tree,similar_v1,0.655078946892994,bias one
juvenile,-0.015384854086454,Tree,similar_v2,0.665694597216498,bias one
juvenile,-0.060577617370657,Tree,multi_v1,0.629672863167666,bias one
juvenile,-0.063620069717279,Tree,multi_v2,0.637080995977242,bias one
juvenile,-0.0051994577352,MLP,mean_v1,0.597838151970711,bias one
juvenile,-0.005884552596322,MLP,mean_v2,0.603876258426684,bias one
juvenile,-0.008254544445836,MLP,similar_v1,0.598685653803145,bias one
juvenile,-0.005028492714931,MLP,similar_v2,0.595922880715395,bias one
juvenile,-0.023702612279282,MLP,multi_v1,0.586167114957859,bias one
juvenile,-0.016385207291472,MLP,multi_v2,0.580608963865007,bias one
compas,-0.037667376787252,KNN,mean_v1,0.597523686403332,bias one
compas,-0.01444680824389,KNN,mean_v2,0.602843884246992,bias one
compas,0.07321950504222,KNN,similar_v1,0.586994197377467,bias one
compas,-0.045212737679287,KNN,similar_v2,0.600356455041956,bias one
compas,0.183414985107066,KNN,multi_v1,0.58163852953288,bias one
compas,0.168025787239006,KNN,multi_v2,0.583408225348377,bias one
compas,-0.011028146609554,LinearSVC,mean_v1,0.615076350647054,bias one
compas,-0.014687649440757,LinearSVC,mean_v2,0.614801154972579,bias one
compas,0.026991667418413,LinearSVC,similar_v1,0.583911965748629,bias one
compas,-0.006784296573278,LinearSVC,similar_v2,0.603235669947591,bias one
compas,0.108580043397152,LinearSVC,multi_v1,0.525541398072603,bias one
compas,0.088295954287968,LinearSVC,multi_v2,0.546580746634367,bias one
compas,-0.034818642774985,SVC,mean_v1,0.609501564758881,bias one
compas,-0.009876183031221,SVC,mean_v2,0.605458141508916,bias one
compas,0.004128100946449,SVC,similar_v1,0.584511486653741,bias one
compas,-0.00323088084881,SVC,similar_v2,0.585525714466882,bias one
compas,0.012820290763,SVC,multi_v1,0.562012205854601,bias one
compas,-0.001860357773427,SVC,multi_v2,0.567489434517087,bias one
compas,-0.003758679930274,Forest,mean_v1,0.516702642763332,bias one
compas,-0.002254093716575,Forest,mean_v2,0.53347884612535,bias one
compas,-0.006557879235478,Forest,similar_v1,0.622510576614564,bias one
compas,-0.014091733086689,Forest,similar_v2,0.633574689373416,bias one
compas,0.187719941150786,Forest,multi_v1,0.560279600226322,bias one
compas,0.093545104198515,Forest,multi_v2,0.580341073038976,bias one
compas,-0.022777034859173,LogReg,mean_v1,0.628471962651784,bias one
compas,-0.015952538682067,LogReg,mean_v2,0.621945083341177,bias one
compas,0.012813728012638,LogReg,similar_v1,0.601364251627422,bias one
compas,-0.009327479688339,LogReg,similar_v2,0.611027425665274,bias one
compas,0.115164329358102,LogReg,multi_v1,0.529387559902983,bias one
compas,0.07806488827335,LogReg,multi_v2,0.555424033190971,bias one
compas,-0.00871020875805,Tree,mean_v1,0.544465688696404,bias one
compas,-0.004079028347643,Tree,mean_v2,0.556756059312976,bias one
compas,-0.006990365433326,Tree,similar_v1,0.599636814943981,bias one
compas,-0.012623941091961,Tree,similar_v2,0.606408215992234,bias one
compas,0.152229863441179,Tree,multi_v1,0.532394040770151,bias one
compas,0.050929435161102,Tree,multi_v2,0.563647055045559,bias one
compas,-0.004181163404126,MLP,mean_v1,0.595033520989132,bias one
compas,-0.004804499848385,MLP,mean_v2,0.587064379065005,bias one
compas,-0.003518554279271,MLP,similar_v1,0.586391780941185,bias one
compas,-0.004395701869903,MLP,similar_v2,0.583175913277003,bias one
compas,-0.002231423135227,MLP,multi_v1,0.576759436478587,bias one
compas,-0.004794508225171,MLP,multi_v2,0.574410227090201,bias one
adult,-0.039660614599219,KNN,mean_v1,0.719650238967327,bias one
adult,-0.009294832907435,KNN,mean_v2,0.703021300890806,bias one
adult,0.121386128894983,KNN,similar_v1,0.573640732368334,bias one
adult,0.047434576263809,KNN,similar_v2,0.633954694990164,bias one
adult,0.219743233068617,KNN,multi_v1,0.524339811517615,bias one
adult,0.215836599460796,KNN,multi_v2,0.557317687085329,bias one
adult,0.00777788180295,LinearSVC,mean_v1,0.674864153545475,bias one
adult,-0.028472207318875,LinearSVC,mean_v2,0.690881937997365,bias one
adult,0.036553236254109,LinearSVC,similar_v1,0.62803282690026,bias one
adult,0.008863760088708,LinearSVC,similar_v2,0.661252187571677,bias one
adult,0.099851326161708,LinearSVC,multi_v1,0.531652393193974,bias one
adult,0.078982299711409,LinearSVC,multi_v2,0.572655094691067,bias one
adult,0.045575759919941,SVC,mean_v1,0.570451506127872,bias one
adult,-0.011997617726724,SVC,mean_v2,0.693008880622901,bias one
adult,0.049944518261007,SVC,similar_v1,0.6051512037584,bias one
adult,0.035239175250936,SVC,similar_v2,0.636347245552385,bias one
adult,0.115596672610068,SVC,multi_v1,0.516890189654568,bias one
adult,0.1011417564526,SVC,multi_v2,0.562644914987819,bias one
adult,-0.019334151651563,Forest,mean_v1,0.639449001081877,bias one
adult,-0.005732728439636,Forest,mean_v2,0.618677361052896,bias one
adult,-0.122489046146655,Forest,similar_v1,0.794240141170096,bias one
adult,-0.072279364093833,Forest,similar_v2,0.773098466385173,bias one
adult,0.315156662399183,Forest,multi_v1,0.656469432204538,bias one
adult,0.388935975994317,Forest,multi_v2,0.642543893453132,bias one
adult,0.023435032989988,LogReg,mean_v1,0.66046432756277,bias one
adult,-0.033366268551042,LogReg,mean_v2,0.697094927064037,bias one
adult,0.043583962700275,LogReg,similar_v1,0.63327221549558,bias one
adult,0.008109685072441,LogReg,similar_v2,0.665106152646113,bias one
adult,0.126701523050355,LogReg,multi_v1,0.522863908775102,bias one
adult,0.094015182040448,LogReg,multi_v2,0.572518132882693,bias one
adult,-0.024356328729597,Tree,mean_v1,0.643637695406173,bias one
adult,-0.01804671142204,Tree,mean_v2,0.643268015973969,bias one
adult,-0.042227854322092,Tree,similar_v1,0.724674519403498,bias one
adult,-0.092788727577342,Tree,similar_v2,0.752701464409418,bias one
adult,0.407796689446278,Tree,multi_v1,0.538786325502397,bias one
adult,0.462031114595027,Tree,multi_v2,0.516306899012934,bias one
adult,-0.023085263354486,MLP,mean_v1,0.751021092539319,bias one
adult,-0.01635683332257,MLP,mean_v2,0.76440530186707,bias one
adult,0.033405979222741,MLP,similar_v1,0.661047616159952,bias one
adult,-0.002523901959707,MLP,similar_v2,0.711418149281951,bias one
adult,0.097488774491948,MLP,multi_v1,0.596361654368501,bias one
adult,0.101093899500003,MLP,multi_v2,0.600701869824142,bias one
communities,0.006209837018038,KNN,mean_v1,0.691156659997338,bias one
communities,-0.00108502632507,KNN,mean_v2,0.666395975293816,bias one
communities,0.002880513668496,KNN,similar_v1,0.701224548377144,bias one
communities,-0.003490640670166,KNN,similar_v2,0.654385267856122,bias one
communities,0.006181097383525,KNN,multi_v1,0.705385962750101,bias one
communities,-0.000157670408353,KNN,multi_v2,0.677400942949201,bias one
communities,0.001827214407797,LinearSVC,mean_v1,0.768249362039523,bias one
communities,-0.002494320843802,LinearSVC,mean_v2,0.652674097598221,bias one
communities,0.003306583305561,LinearSVC,similar_v1,0.741676632378207,bias one
communities,-0.005005553129334,LinearSVC,similar_v2,0.662556297498695,bias one
communities,0.006481443157499,LinearSVC,multi_v1,0.698042725404539,bias one
communities,0.002338994666219,LinearSVC,multi_v2,0.692637921789714,bias one
communities,-0.001267365224672,SVC,mean_v1,0.767974244610609,bias one
communities,-0.003260869178405,SVC,mean_v2,0.730662083649089,bias one
communities,0.004690174801326,SVC,similar_v1,0.736468906667476,bias one
communities,0.003011428755095,SVC,similar_v2,0.685012332805678,bias one
communities,0.008363519132234,SVC,multi_v1,0.720984802904358,bias one
communities,0.003706274935983,SVC,multi_v2,0.689885934528123,bias one
communities,0.00139662793284,Forest,mean_v1,0.748464241516181,bias one
communities,-0.009915732738673,Forest,mean_v2,0.757091992101079,bias one
communities,0.003053715307242,Forest,similar_v1,0.762326463847049,bias one
communities,-0.002881047605667,Forest,similar_v2,0.777439501224041,bias one
communities,0.006599097207823,Forest,multi_v1,0.743246596414801,bias one
communities,0.002789675442319,Forest,multi_v2,0.72041518970195,bias one
communities,0.00209896101914,LogReg,mean_v1,0.770846687699383,bias one
communities,-0.003152514042838,LogReg,mean_v2,0.659366483722584,bias one
communities,0.003369164867263,LogReg,similar_v1,0.742228407447473,bias one
communities,-0.005066031648918,LogReg,similar_v2,0.667360154838293,bias one
communities,0.006433699071128,LogReg,multi_v1,0.69802479874906,bias one
communities,0.002345133359373,LogReg,multi_v2,0.695497817222078,bias one
communities,-0.000502085168991,Tree,mean_v1,0.668238168034492,bias one
communities,-0.005419896360393,Tree,mean_v2,0.652079954179052,bias one
communities,0.006532012558676,Tree,similar_v1,0.695330996247774,bias one
communities,-0.000794028000044,Tree,similar_v2,0.673356957002955,bias one
communities,0.010241019503071,Tree,multi_v1,0.663721758253468,bias one
communities,0.009896732900701,Tree,multi_v2,0.660188163154595,bias one
communities,0.000736112488195,MLP,mean_v1,0.781295901199982,bias one
communities,-0.005925491026537,MLP,mean_v2,0.75455340417866,bias one
communities,0.004213905747847,MLP,similar_v1,0.742235245970979,bias one
communities,-0.001266339733007,MLP,similar_v2,0.691243812661519,bias one
communities,0.007688523120658,MLP,multi_v1,0.724844155697231,bias one
communities,0.002330853137379,MLP,multi_v2,0.700427911453625,bias one
titanic,0.008189452797304,KNN,mean_v1,0.592360109156144,bias two
titanic,0.007102224776152,KNN,mean_v2,0.580724957614451,bias two
titanic,0.013111133627585,KNN,similar_v1,0.590868548349297,bias two
titanic,0.004491565823467,KNN,similar_v2,0.573057959897007,bias two
titanic,0.027567106674158,KNN,multi_v1,0.55969532998398,bias two
titanic,0.021543844373581,KNN,multi_v2,0.552824205080144,bias two
titanic,0.002487966073377,LinearSVC,mean_v1,0.637094199533717,bias two
titanic,0.001464103382488,LinearSVC,mean_v2,0.592195036793196,bias two
titanic,0.001400713382731,LinearSVC,similar_v1,0.639031623796221,bias two
titanic,-0.004148430127775,LinearSVC,similar_v2,0.602610768770806,bias two
titanic,0.013902003048359,LinearSVC,multi_v1,0.598409117782781,bias two
titanic,0.001474978538682,LinearSVC,multi_v2,0.586162450885298,bias two
titanic,0.009123421648227,SVC,mean_v1,0.643698969732921,bias two
titanic,0.007606950954501,SVC,mean_v2,0.615305554235494,bias two
titanic,0.014016824843292,SVC,similar_v1,0.6335771007985,bias two
titanic,0.000300500112353,SVC,similar_v2,0.614070400495196,bias two
titanic,0.024524792914428,SVC,multi_v1,0.597508315429347,bias two
titanic,0.002803796799866,SVC,multi_v2,0.595770272418072,bias two
titanic,0.0127679426016,Forest,mean_v1,0.615777640047409,bias two
titanic,0.015315199329465,Forest,mean_v2,0.587208804880371,bias two
titanic,0.016576370187595,Forest,similar_v1,0.638745973998085,bias two
titanic,0.015173282971305,Forest,similar_v2,0.6263792912556,bias two
titanic,0.018831790264202,Forest,multi_v1,0.624258123296819,bias two
titanic,0.018648581930703,Forest,multi_v2,0.621433681465154,bias two
titanic,-0.004291030388816,LogReg,mean_v1,0.64274833457432,bias two
titanic,-0.00144114508491,LogReg,mean_v2,0.609084337000636,bias two
titanic,-0.001003189055681,LogReg,similar_v1,0.650778206132388,bias two
titanic,-0.008909823954305,LogReg,similar_v2,0.613792994967796,bias two
titanic,0.01727947746181,LogReg,multi_v1,0.602063687432175,bias two
titanic,-0.001491711973683,LogReg,multi_v2,0.591905941941639,bias two
titanic,0.010768120313766,Tree,mean_v1,0.610389804639657,bias two
titanic,0.015761746574262,Tree,mean_v2,0.576831457485597,bias two
titanic,0.018895874103021,Tree,similar_v1,0.610985004162135,bias two
titanic,0.015790216242113,Tree,similar_v2,0.599291861036293,bias two
titanic,0.021076069454735,Tree,multi_v1,0.600211445974845,bias two
titanic,0.022218975882375,Tree,multi_v2,0.597581353404737,bias two
titanic,-0.000563231135534,MLP,mean_v1,0.621024553435812,bias two
titanic,0.005912268826026,MLP,mean_v2,0.614261668932914,bias two
titanic,0.002601957998451,MLP,similar_v1,0.627106791595706,bias two
titanic,-2.97510600096673E-05,MLP,similar_v2,0.601507483300453,bias two
titanic,0.018692854448586,MLP,multi_v1,0.589323349169182,bias two
titanic,0.002991204562314,MLP,multi_v2,0.586510334253804,bias two
german,0.006841706080915,KNN,mean_v1,0.630486477608378,bias two
german,-0.009525674204039,KNN,mean_v2,0.645589662087512,bias two
german,0.011535766499066,KNN,similar_v1,0.617585491710994,bias two
german,-0.007391583107218,KNN,similar_v2,0.631242604526323,bias two
german,0.010993864377544,KNN,multi_v1,0.619236978427254,bias two
german,0.006385652896272,KNN,multi_v2,0.624711085811888,bias two
german,0.009736122999421,LinearSVC,mean_v1,0.638853866124292,bias two
german,-0.012868505259754,LinearSVC,mean_v2,0.654316739555416,bias two
german,0.009646597826978,LinearSVC,similar_v1,0.62987197499862,bias two
german,-0.012559374685229,LinearSVC,similar_v2,0.647083072444967,bias two
german,0.017954212476546,LinearSVC,multi_v1,0.600282131581828,bias two
german,0.008280360606913,LinearSVC,multi_v2,0.602894237866915,bias two
german,0.012680179307139,SVC,mean_v1,0.629335168956718,bias two
german,-0.009231296354271,SVC,mean_v2,0.64412785868502,bias two
german,0.011983207072588,SVC,similar_v1,0.621955128083249,bias two
german,-0.011011414729919,SVC,similar_v2,0.63780829984249,bias two
german,0.015112084675272,SVC,multi_v1,0.601904314534691,bias two
german,0.008228532154869,SVC,multi_v2,0.608989035089484,bias two
german,0.016389607744661,Forest,mean_v1,0.576182567620433,bias two
german,-0.004937194089045,Forest,mean_v2,0.616472689765212,bias two
german,0.010064408382967,Forest,similar_v1,0.68127110133105,bias two
german,-0.010986878620514,Forest,similar_v2,0.699165370344327,bias two
german,0.009565352599726,Forest,multi_v1,0.681121052848864,bias two
german,0.004819159349174,Forest,multi_v2,0.691779936093162,bias two
german,0.011897389808418,LogReg,mean_v1,0.642061968236995,bias two
german,-0.011188738941248,LogReg,mean_v2,0.657446145138505,bias two
german,0.010351697044178,LogReg,similar_v1,0.633080080839828,bias two
german,-0.009955830898314,LogReg,similar_v2,0.649956120122228,bias two
german,0.019197125907415,LogReg,multi_v1,0.603416697282185,bias two
german,0.009362141689285,LogReg,multi_v2,0.604712622355874,bias two
german,0.009310787013202,Tree,mean_v1,0.567246462093839,bias two
german,-0.005934875806914,Tree,mean_v2,0.599779279073498,bias two
german,0.013588644928695,Tree,similar_v1,0.624511700486599,bias two
german,-0.010898923137592,Tree,similar_v2,0.639656586738539,bias two
german,0.017631862728651,Tree,multi_v1,0.611103642275153,bias two
german,0.008698430090669,Tree,multi_v2,0.615740613730935,bias two
german,0.00951880358325,MLP,mean_v1,0.639169376543,bias two
german,-0.00836894017445,MLP,mean_v2,0.655339636419452,bias two
german,0.014696254485138,MLP,similar_v1,0.629477356935102,bias two
german,-0.007122318309257,MLP,similar_v2,0.64830835176638,bias two
german,0.010143046675657,MLP,multi_v1,0.639482187758344,bias two
german,0.008026347191974,MLP,multi_v2,0.648515496741382,bias two
juvenile,0.005545963538847,KNN,mean_v1,0.614646086707871,bias two
juvenile,-0.004326311387126,KNN,mean_v2,0.625486649990109,bias two
juvenile,0.008509352505877,KNN,similar_v1,0.60836703351839,bias two
juvenile,-0.022555757077906,KNN,similar_v2,0.620433885695204,bias two
juvenile,0.007248231924486,KNN,multi_v1,0.607469953309317,bias two
juvenile,0.008563614325304,KNN,multi_v2,0.607066453645858,bias two
juvenile,-0.003795488611767,LinearSVC,mean_v1,0.616567671400736,bias two
juvenile,-0.008365342135966,LinearSVC,mean_v2,0.623652556437866,bias two
juvenile,0.004042629881141,LinearSVC,similar_v1,0.60695124899604,bias two
juvenile,-0.007132115666975,LinearSVC,similar_v2,0.615831736656253,bias two
juvenile,0.009102389705213,LinearSVC,multi_v1,0.586084339782679,bias two
juvenile,-0.010094312496415,LinearSVC,multi_v2,0.592106174836631,bias two
juvenile,0.011686127349681,SVC,mean_v1,0.395316803489792,bias two
juvenile,0.012008011944157,SVC,mean_v2,0.396335071795564,bias two
juvenile,0.000894132208996,SVC,similar_v1,0.427256531143865,bias two
juvenile,0.010420422753224,SVC,similar_v2,0.417903003139868,bias two
juvenile,-0.005584953815288,SVC,multi_v1,0.466509422418004,bias two
juvenile,0.000975719401962,SVC,multi_v2,0.450250031951806,bias two
juvenile,-0.012271897341871,Forest,mean_v1,0.541418273176556,bias two
juvenile,-0.004209727873909,Forest,mean_v2,0.563832051310285,bias two
juvenile,0.003358720746809,Forest,similar_v1,0.658049890322824,bias two
juvenile,-0.013751665598769,Forest,similar_v2,0.676501180389952,bias two
juvenile,0.027019858696432,Forest,multi_v1,0.630130033511245,bias two
juvenile,0.00575078080373,Forest,multi_v2,0.641691270929795,bias two
juvenile,-0.003506762444446,LogReg,mean_v1,0.615176972884691,bias two
juvenile,-0.010102198072628,LogReg,mean_v2,0.62458135543035,bias two
juvenile,0.003117893726143,LogReg,similar_v1,0.607282985709215,bias two
juvenile,-0.007752904931803,LogReg,similar_v2,0.616376770013061,bias two
juvenile,0.007822075648034,LogReg,multi_v1,0.586475629808353,bias two
juvenile,-0.009076929136931,LogReg,multi_v2,0.591788699640335,bias two
juvenile,-0.021328005812334,Tree,mean_v1,0.555079537211516,bias two
juvenile,-0.003643175266733,Tree,mean_v2,0.586025023599984,bias two
juvenile,-0.000966030623464,Tree,similar_v1,0.653683535849024,bias two
juvenile,-0.013288098688119,Tree,similar_v2,0.663822942637495,bias two
juvenile,0.007403621736036,Tree,multi_v1,0.616421053357684,bias two
juvenile,-0.003259716222746,Tree,multi_v2,0.623961578824326,bias two
juvenile,0.00077661333082,MLP,mean_v1,0.586369906395453,bias two
juvenile,-0.008987867239986,MLP,mean_v2,0.597682480600325,bias two
juvenile,-0.003779229741687,MLP,similar_v1,0.589023837991834,bias two
juvenile,-0.007173375747599,MLP,similar_v2,0.589754925442322,bias two
juvenile,-0.015121782553644,MLP,multi_v1,0.572443118810177,bias two
juvenile,-0.019214023119209,MLP,multi_v2,0.57349976657045,bias two
compas,0.039909064750752,KNN,mean_v1,0.574867257181927,bias two
compas,-0.002194411173186,KNN,mean_v2,0.596056031387467,bias two
compas,0.056687783475349,KNN,similar_v1,0.577208634136152,bias two
compas,-0.003067090954156,KNN,similar_v2,0.595711494243975,bias two
compas,0.0501384340155,KNN,multi_v1,0.582427628553801,bias two
compas,0.047264795470676,KNN,multi_v2,0.583931527685728,bias two
compas,0.086165582786217,LinearSVC,mean_v1,0.534122658012608,bias two
compas,-0.017177169691909,LinearSVC,mean_v2,0.618080124413869,bias two
compas,0.082997986133261,LinearSVC,similar_v1,0.535627885134835,bias two
compas,-0.001649359107267,LinearSVC,similar_v2,0.599638810799409,bias two
compas,0.094745842492955,LinearSVC,multi_v1,0.525351368273308,bias two
compas,0.080011369359909,LinearSVC,multi_v2,0.545333930497029,bias two
compas,0.130892079096417,SVC,mean_v1,0.487167853376743,bias two
compas,-0.001318010565652,SVC,mean_v2,0.591395636750425,bias two
compas,0.096685944813518,SVC,similar_v1,0.524012152993401,bias two
compas,-0.000791617961262,SVC,similar_v2,0.583574749701417,bias two
compas,0.106949587605825,SVC,multi_v1,0.509979723875659,bias two
compas,0.069291712932689,SVC,multi_v2,0.532852240494885,bias two
compas,0.157061458748983,Forest,mean_v1,0.410290935892905,bias two
compas,0.003655327353049,Forest,mean_v2,0.514895678228543,bias two
compas,0.076802935872059,Forest,similar_v1,0.564685054998594,bias two
compas,0.002695776638238,Forest,similar_v2,0.627704307481524,bias two
compas,0.077465270064132,Forest,multi_v1,0.565708483457574,bias two
compas,0.053004156012493,Forest,multi_v2,0.574210693899789,bias two
compas,0.090677198235732,LogReg,mean_v1,0.533753673021397,bias two
compas,-0.016244252099361,LogReg,mean_v2,0.623090286686783,bias two
compas,0.079450159796334,LogReg,similar_v1,0.545202010283199,bias two
compas,-0.00567417857244,LogReg,similar_v2,0.60883956926265,bias two
compas,0.09508810283838,LogReg,multi_v1,0.529516344981655,bias two
compas,0.080068245546472,LogReg,multi_v2,0.548260054863047,bias two
compas,0.129258125674444,Tree,mean_v1,0.459889359444716,bias two
compas,0.001024330730607,Tree,mean_v2,0.54209894760862,bias two
compas,0.091612332505211,Tree,similar_v1,0.540907548425081,bias two
compas,0.010572560236927,Tree,similar_v2,0.594159677904402,bias two
compas,0.1005845974023,Tree,multi_v1,0.531524213201188,bias two
compas,0.088767625923003,Tree,multi_v2,0.534929151792622,bias two
compas,0.071462337675024,MLP,mean_v1,0.528685350285948,bias two
compas,-0.001767875622997,MLP,mean_v2,0.579205776190981,bias two
compas,0.089531802377122,MLP,similar_v1,0.52158171128147,bias two
compas,-0.000634709526263,MLP,similar_v2,0.578915158725023,bias two
compas,0.10229735806976,MLP,multi_v1,0.517134732722655,bias two
compas,0.075990615749542,MLP,multi_v2,0.535717915878232,bias two
adult,0.114647009645841,KNN,mean_v1,0.587236692392182,bias two
adult,-0.019052263499565,KNN,mean_v2,0.721771752054401,bias two
adult,0.155692520838285,KNN,similar_v1,0.533592422750788,bias two
adult,0.074479049824641,KNN,similar_v2,0.615270329508577,bias two
adult,0.168186093139672,KNN,multi_v1,0.529873978586983,bias two
adult,0.158249131853808,KNN,multi_v2,0.561417385241327,bias two
adult,0.07499541124805,LinearSVC,mean_v1,0.591885980150146,bias two
adult,-0.030300983144489,LinearSVC,mean_v2,0.695959848881957,bias two
adult,0.083403465741962,LinearSVC,similar_v1,0.572434264656065,bias two
adult,0.009348289135426,LinearSVC,similar_v2,0.660967421517639,bias two
adult,0.123637436107427,LinearSVC,multi_v1,0.515506697476916,bias two
adult,0.074226435612957,LinearSVC,multi_v2,0.578119739539108,bias two
adult,0.082852879548662,SVC,mean_v1,0.523978519374395,bias two
adult,-0.01499298267584,SVC,mean_v2,0.686544278284113,bias two
adult,0.057492297445558,SVC,similar_v1,0.592998136061547,bias two
adult,0.036137937880388,SVC,similar_v2,0.634661802196696,bias two
adult,0.080890035985453,SVC,multi_v1,0.540642467586384,bias two
adult,0.072768063524424,SVC,multi_v2,0.573866505628285,bias two
adult,0.134379022826845,Forest,mean_v1,0.451741240079081,bias two
adult,-0.000284694574458,Forest,mean_v2,0.595737468120133,bias two
adult,0.089709484889899,Forest,similar_v1,0.573069462227149,bias two
adult,0.078893190296255,Forest,similar_v2,0.600053354163466,bias two
adult,0.043143912940541,Forest,multi_v1,0.67796517448142,bias two
adult,0.04640516859966,Forest,multi_v2,0.679499533662778,bias two
adult,0.098926051326756,LogReg,mean_v1,0.571840679020078,bias two
adult,-0.030354582856276,LogReg,mean_v2,0.697952128449086,bias two
adult,0.090170666793573,LogReg,similar_v1,0.57667889547253,bias two
adult,0.00931586224688,LogReg,similar_v2,0.664011510016225,bias two
adult,0.135890805289219,LogReg,multi_v1,0.513609228419959,bias two
adult,0.078765288466367,LogReg,multi_v2,0.580759094806137,bias two
adult,0.12669977800284,Tree,mean_v1,0.486679669363979,bias two
adult,0.007348240924178,Tree,mean_v2,0.601706884916312,bias two
adult,0.10063097340642,Tree,similar_v1,0.576947089287728,bias two
adult,0.097861040637451,Tree,similar_v2,0.581289071929922,bias two
adult,0.084231763902663,Tree,multi_v1,0.601041365103426,bias two
adult,0.088482656033743,Tree,multi_v2,0.599488316185092,bias two
adult,0.049825000810917,MLP,mean_v1,0.61632335697442,bias two
adult,-0.002488491856684,MLP,mean_v2,0.736209195236862,bias two
adult,0.057129682629508,MLP,similar_v1,0.602155373892948,bias two
adult,0.016281176382772,MLP,similar_v2,0.677338013951749,bias two
adult,0.06112196194071,MLP,multi_v1,0.5867299426971,bias two
adult,0.062483914131852,MLP,multi_v2,0.59300424537933,bias two
communities,0.013902113511473,KNN,mean_v1,0.679700272824833,bias two
communities,0.002621794303566,KNN,mean_v2,0.654818095848256,bias two
communities,0.019896288892944,KNN,similar_v1,0.666146827578308,bias two
communities,0.006053276931178,KNN,similar_v2,0.629687955180168,bias two
communities,0.015136188721893,KNN,multi_v1,0.687757925693758,bias two
communities,0.006902875227482,KNN,multi_v2,0.663873617606757,bias two
communities,0.002724499681933,LinearSVC,mean_v1,0.768619714499348,bias two
communities,0.00332914695348,LinearSVC,mean_v2,0.635562808284442,bias two
communities,0.012484602316038,LinearSVC,similar_v1,0.724612953501604,bias two
communities,-0.00031131855487,LinearSVC,similar_v2,0.635058136049939,bias two
communities,0.020690745216891,LinearSVC,multi_v1,0.682898770322951,bias two
communities,0.019889898955433,LinearSVC,multi_v2,0.661970332882559,bias two
communities,0.003607954322922,SVC,mean_v1,0.749919278355253,bias two
communities,0.000481676435959,SVC,mean_v2,0.719387780970917,bias two
communities,0.010608136981317,SVC,similar_v1,0.721327565296388,bias two
communities,0.001879432713031,SVC,similar_v2,0.687979612346188,bias two
communities,0.009203541630409,SVC,multi_v1,0.710926678149596,bias two
communities,0.010188812014579,SVC,multi_v2,0.677292116439135,bias two
communities,0.009077725338757,Forest,mean_v1,0.72290296650008,bias two
communities,-0.011136850166135,Forest,mean_v2,0.719093419997813,bias two
communities,0.007324190777302,Forest,similar_v1,0.754751485170104,bias two
communities,0.000396946176723,Forest,similar_v2,0.760532326994127,bias two
communities,0.009197022035212,Forest,multi_v1,0.733418529410147,bias two
communities,0.015495354430665,Forest,multi_v2,0.693706466530853,bias two
communities,0.001888805972278,LogReg,mean_v1,0.775872653286946,bias two
communities,0.001701582706536,LogReg,mean_v2,0.642555231619179,bias two
communities,0.012974847462398,LogReg,similar_v1,0.724018691954275,bias two
communities,0.000413037698787,LogReg,similar_v2,0.638656388782313,bias two
communities,0.020450088782842,LogReg,multi_v1,0.682715474146067,bias two
communities,0.021865442255858,LogReg,multi_v2,0.659661066856856,bias two
communities,0.020687805013403,Tree,mean_v1,0.627929011233158,bias two
communities,-0.00516978497626,Tree,mean_v2,0.642195853189363,bias two
communities,0.018464514866221,Tree,similar_v1,0.676109386981682,bias two
communities,0.003212872993784,Tree,similar_v2,0.664412236180625,bias two
communities,0.022774374383434,Tree,multi_v1,0.645144824592333,bias two
communities,0.026325729644423,Tree,multi_v2,0.636361096349341,bias two
communities,0.00200133009605,MLP,mean_v1,0.776129942712705,bias two
communities,0.00057425394467,MLP,mean_v2,0.725026354503927,bias two
communities,0.010499427603999,MLP,similar_v1,0.727095913526138,bias two
communities,0.003238409097983,MLP,similar_v2,0.678613714856193,bias two
communities,0.011126399457353,MLP,multi_v1,0.712758826445807,bias two
communities,0.012986372889711,MLP,multi_v2,0.678282338926411,bias two
titanic,0.074363035417772,KNN,mean_v1,0.573244686532062,new bias
titanic,0.036575119084369,KNN,mean_v2,0.574176858033664,new bias
titanic,0.053086373043859,KNN,similar_v1,0.582197249312717,new bias
titanic,-0.004116018413587,KNN,similar_v2,0.579996198547477,new bias
titanic,0.055251408041507,KNN,multi_v1,0.559107350135858,new bias
titanic,0.025662078275781,KNN,multi_v2,0.559396203733225,new bias
titanic,-0.001601474693067,LinearSVC,mean_v1,0.639470815709946,new bias
titanic,-0.009626253495191,LinearSVC,mean_v2,0.598086743748353,new bias
titanic,-0.024439067638245,LinearSVC,similar_v1,0.647571305451394,new bias
titanic,-0.080637620271078,LinearSVC,similar_v2,0.627611666558907,new bias
titanic,-0.055310192148018,LinearSVC,multi_v1,0.624649099427802,new bias
titanic,-0.080705773702577,LinearSVC,multi_v2,0.613447804460656,new bias
titanic,0.037140988560847,SVC,mean_v1,0.638344155710946,new bias
titanic,0.062618562216426,SVC,mean_v2,0.596977428781442,new bias
titanic,0.051162960552759,SVC,similar_v1,0.627055408542258,new bias
titanic,-0.023248000533308,SVC,similar_v2,0.623452442242918,new bias
titanic,0.020841889762677,SVC,multi_v1,0.607409442186084,new bias
titanic,-0.029402420582777,SVC,multi_v2,0.608236405123465,new bias
titanic,0.194244210947189,Forest,mean_v1,0.546892198480169,new bias
titanic,0.175798389034415,Forest,mean_v2,0.537163013093165,new bias
titanic,0.158195452943182,Forest,similar_v1,0.58989092299092,new bias
titanic,0.107846609713203,Forest,similar_v2,0.60195808974324,new bias
titanic,0.153397962702743,Forest,multi_v1,0.582829274562567,new bias
titanic,0.131878316102416,Forest,multi_v2,0.58969198887981,new bias
titanic,0.03650547395656,LogReg,mean_v1,0.627704508737097,new bias
titanic,-0.009049150797048,LogReg,mean_v2,0.610884832377807,new bias
titanic,0.008556086982871,LogReg,similar_v1,0.647208469044642,new bias
titanic,-0.082893750316301,LogReg,similar_v2,0.635778357091234,new bias
titanic,-0.01295450781122,LogReg,multi_v1,0.617704463849239,new bias
titanic,-0.056016549665033,LogReg,multi_v2,0.60909692847078,new bias
titanic,0.156261299034802,Tree,mean_v1,0.555951311743399,new bias
titanic,0.123077845847845,Tree,mean_v2,0.551063612980336,new bias
titanic,0.159583076062725,Tree,similar_v1,0.565606344104704,new bias
titanic,0.080129759316717,Tree,similar_v2,0.589082252735551,new bias
titanic,0.145951664209123,Tree,multi_v1,0.564802413688238,new bias
titanic,0.127971909223824,Tree,multi_v2,0.571463047000711,new bias
titanic,0.023435452570346,MLP,mean_v1,0.613289022135834,new bias
titanic,0.03661225529592,MLP,mean_v2,0.606807744666419,new bias
titanic,0.012165570148678,MLP,similar_v1,0.62529000135511,new bias
titanic,-0.035413107292981,MLP,similar_v2,0.61501355853761,new bias
titanic,-0.014775601955999,MLP,multi_v1,0.606583403313134,new bias
titanic,-0.070347832060681,MLP,multi_v2,0.611935469928869,new bias
german,0.004550891359268,KNN,mean_v1,0.633327418204921,new bias
german,-0.077709235641157,KNN,mean_v2,0.660282333151764,new bias
german,0.013616268291832,KNN,similar_v1,0.620827586349328,new bias
german,-0.056242980292112,KNN,similar_v2,0.6413229987926,new bias
german,0.012932651209861,KNN,multi_v1,0.622279705838223,new bias
german,-0.010277085347846,KNN,multi_v2,0.630787419580138,new bias
german,0.000689791002595,LinearSVC,mean_v1,0.645564305579059,new bias
german,-0.12223899064186,LinearSVC,mean_v2,0.678673688721313,new bias
german,-0.008988357126411,LinearSVC,similar_v1,0.638913393277503,new bias
german,-0.127553141089837,LinearSVC,similar_v2,0.673807254293227,new bias
german,-0.054531474864613,LinearSVC,multi_v1,0.625427887518468,new bias
german,-0.121991247855698,LinearSVC,multi_v2,0.639457239799367,new bias
german,0.039394719400552,SVC,mean_v1,0.629185837990365,new bias
german,-0.08064941310204,SVC,mean_v2,0.659783915152352,new bias
german,-0.004924759786448,SVC,similar_v1,0.631505715956409,new bias
german,-0.110180841676972,SVC,similar_v2,0.660443254905164,new bias
german,-0.048646932752197,SVC,multi_v1,0.623523178541011,new bias
german,-0.095607473199274,SVC,multi_v2,0.639918069885125,new bias
german,0.134319381650294,Forest,mean_v1,0.557852390761573,new bias
german,-0.062902830883678,Forest,mean_v2,0.631525775874128,new bias
german,0.018508321516565,Forest,similar_v1,0.683965996493577,new bias
german,-0.091950015732544,Forest,similar_v2,0.713175785685124,new bias
german,0.01733621730166,Forest,multi_v1,0.683769564407753,new bias
german,-0.017411710658582,Forest,multi_v2,0.698969908100211,new bias
german,0.004459475780655,LogReg,mean_v1,0.649289792830267,new bias
german,-0.108208532943353,LogReg,mean_v2,0.678928667888367,new bias
german,-0.023928677561103,LogReg,similar_v1,0.646324745719968,new bias
german,-0.123996566338956,LogReg,similar_v2,0.677557362293557,new bias
german,-0.050853795710317,LogReg,multi_v1,0.628695061637111,new bias
german,-0.11675224521609,LogReg,multi_v2,0.640389204105104,new bias
german,0.084151414966391,Tree,mean_v1,0.55313723382121,new bias
german,-0.052530962520011,Tree,mean_v2,0.61212245365773,new bias
german,0.009269987416002,Tree,similar_v1,0.630026481120199,new bias
german,-0.093369041456972,Tree,similar_v2,0.658767182323921,new bias
german,-0.002863612398126,Tree,multi_v1,0.621441276079194,new bias
german,-0.034750098309375,Tree,multi_v2,0.629513823494755,new bias
german,-0.005455517951694,MLP,mean_v1,0.646673108802382,new bias
german,-0.086209316949453,MLP,mean_v2,0.673509966870889,new bias
german,-0.013741389706261,MLP,similar_v1,0.642241149032858,new bias
german,-0.091561887073105,MLP,similar_v2,0.668181279725507,new bias
german,-0.014697879219369,MLP,multi_v1,0.649049426846876,new bias
german,-0.041194549143897,MLP,multi_v2,0.663458730845999,new bias
juvenile,-0.051648440190234,KNN,mean_v1,0.623159826723118,new bias
juvenile,-0.070354759159034,KNN,mean_v2,0.637961754081604,new bias
juvenile,0.00735419085679,KNN,similar_v1,0.609589107001519,new bias
juvenile,-0.099376503867039,KNN,similar_v2,0.629500294015685,new bias
juvenile,0.00379194670372,KNN,multi_v1,0.608869028131227,new bias
juvenile,0.00823270374222,KNN,multi_v2,0.608235195975824,new bias
juvenile,0.038454810744955,LinearSVC,mean_v1,0.609097418201307,new bias
juvenile,-0.126275551551364,LinearSVC,mean_v2,0.647315177216919,new bias
juvenile,0.018627727761355,LinearSVC,similar_v1,0.605407840638028,new bias
juvenile,-0.104034784930456,LinearSVC,similar_v2,0.634871275967485,new bias
juvenile,-0.012227274583691,LinearSVC,multi_v1,0.591040051680983,new bias
juvenile,-0.109225633159237,LinearSVC,multi_v2,0.607283810349843,new bias
juvenile,0.296483124913516,SVC,mean_v1,0.372808798948997,new bias
juvenile,0.123873001382974,SVC,mean_v2,0.390268455245408,new bias
juvenile,0.121523199115065,SVC,similar_v1,0.411990281597401,new bias
juvenile,0.07386767399964,SVC,similar_v2,0.413217785167853,new bias
juvenile,0.055832977087626,SVC,multi_v1,0.454649890408685,new bias
juvenile,0.025222119092246,SVC,multi_v2,0.446218986237136,new bias
juvenile,0.434085156381541,Forest,mean_v1,0.475912659718694,new bias
juvenile,-0.051295593521036,Forest,mean_v2,0.573223746946804,new bias
juvenile,0.000681972096908,Forest,similar_v1,0.659173868858015,new bias
juvenile,-0.129557539655958,Forest,similar_v2,0.692748460299011,new bias
juvenile,-0.025910043923112,Forest,multi_v1,0.642454068204561,new bias
juvenile,-0.037804101337787,Forest,multi_v2,0.651067048835146,new bias
juvenile,0.045022118830983,LogReg,mean_v1,0.606766457043959,new bias
juvenile,-0.124359191638354,LogReg,mean_v2,0.646441949639646,new bias
juvenile,0.019084254563646,LogReg,similar_v1,0.605320479534044,new bias
juvenile,-0.106795383646551,LogReg,similar_v2,0.635706082925818,new bias
juvenile,-0.009395348697304,LogReg,multi_v1,0.590516978215781,new bias
juvenile,-0.106879934157209,LogReg,multi_v2,0.606868747920393,new bias
juvenile,0.16200063621788,Tree,mean_v1,0.523346854394765,new bias
juvenile,-0.043551898053531,Tree,mean_v2,0.595177536171491,new bias
juvenile,-0.040462016385377,Tree,similar_v1,0.658993953125261,new bias
juvenile,-0.164428021965844,Tree,similar_v2,0.689782717243504,new bias
juvenile,-0.040145237887155,Tree,multi_v1,0.624969897619474,new bias
juvenile,-0.039416891205487,Tree,multi_v2,0.629987494525227,new bias
juvenile,0.132444622558263,MLP,mean_v1,0.568264096574581,new bias
juvenile,-0.069863312495224,MLP,mean_v2,0.604541295319585,new bias
juvenile,0.069031020924522,MLP,similar_v1,0.577481509442745,new bias
juvenile,-0.061567731037769,MLP,similar_v2,0.596420672390532,new bias
juvenile,0.08249807747914,MLP,multi_v1,0.55452860880101,new bias
juvenile,-0.02742775238571,MLP,multi_v2,0.569437944375037,new bias
compas,0.125311900764079,KNN,mean_v1,0.576247058578448,new bias
compas,-0.062014458293121,KNN,mean_v2,0.613400288955679,new bias
compas,0.145281916071252,KNN,similar_v1,0.577583588606175,new bias
compas,-0.055082799359438,KNN,similar_v2,0.60225614256612,new bias
compas,0.163174719836596,KNN,multi_v1,0.57864741527616,new bias
compas,0.146498657525111,KNN,multi_v2,0.580933121161461,new bias
compas,0.254282189690274,LinearSVC,mean_v1,0.528622224392382,new bias
compas,-0.103450448326063,LinearSVC,mean_v2,0.640490657509321,new bias
compas,0.244953235744783,LinearSVC,similar_v1,0.528668119553344,new bias
compas,-0.014521361616456,LinearSVC,similar_v2,0.602486065051021,new bias
compas,0.280300541105585,LinearSVC,multi_v1,0.51447184814399,new bias
compas,0.224950891648097,LinearSVC,multi_v2,0.538740303891743,new bias
compas,0.38204955606693,SVC,mean_v1,0.484021628436711,new bias
compas,-0.019952412413233,SVC,mean_v2,0.596908822749188,new bias
compas,0.269917693822945,SVC,similar_v1,0.519893275251596,new bias
compas,-0.008165693969784,SVC,similar_v2,0.584990755436385,new bias
compas,0.29925728741999,SVC,multi_v1,0.501496293793121,new bias
compas,0.215003008109063,SVC,multi_v2,0.523818542938501,new bias
compas,0.685641711272839,Forest,mean_v1,0.382168783561063,new bias
compas,0.271221438283828,Forest,mean_v2,0.440037591735245,new bias
compas,0.298317868693864,Forest,similar_v1,0.550496864310223,new bias
compas,-0.017836257626695,Forest,similar_v2,0.633632848332005,new bias
compas,0.272866095750959,Forest,multi_v1,0.553804931617964,new bias
compas,0.14362111555251,Forest,multi_v2,0.575320943633023,new bias
compas,0.264700322077473,LogReg,mean_v1,0.531852708650107,new bias
compas,-0.103193121839588,LogReg,mean_v2,0.647448934624781,new bias
compas,0.237980783110809,LogReg,similar_v1,0.53889785696272,new bias
compas,-0.030245795946361,LogReg,similar_v2,0.613068975387683,new bias
compas,0.284494349522642,LogReg,multi_v1,0.518862716858485,new bias
compas,0.222899248309929,LogReg,multi_v2,0.542543350642379,new bias
compas,0.534579370297244,Tree,mean_v1,0.429341375239061,new bias
compas,0.039343613614777,Tree,mean_v2,0.527506744901654,new bias
compas,0.303277047779422,Tree,similar_v1,0.530251239994223,new bias
compas,-0.001341175362239,Tree,similar_v2,0.601374145417006,new bias
compas,0.33845642672952,Tree,multi_v1,0.515426433258585,new bias
compas,0.247785045672794,Tree,multi_v2,0.530145573964676,new bias
compas,0.281190349121614,MLP,mean_v1,0.517363808785039,new bias
compas,0.022084653947924,MLP,mean_v2,0.572656478855565,new bias
compas,0.256655716974985,MLP,similar_v1,0.518564933634714,new bias
compas,0.011890474074031,MLP,similar_v2,0.575769093834913,new bias
compas,0.277470883895243,MLP,multi_v1,0.513898172131025,new bias
compas,0.272335483511453,MLP,multi_v2,0.521697758271449,new bias
adult,0.380857381893451,KNN,mean_v1,0.598316945945893,new bias
adult,-0.179729238831066,KNN,mean_v2,0.770015190925939,new bias
adult,0.5114565298696,KNN,similar_v1,0.531875001510239,new bias
adult,0.052614917429182,KNN,similar_v2,0.645597982253318,new bias
adult,0.585750331272221,KNN,multi_v1,0.513608123004089,new bias
adult,0.630175824674344,KNN,multi_v2,0.540556270930951,new bias
adult,0.165490035338362,LinearSVC,mean_v1,0.603435011560429,new bias
adult,-0.103399426146215,LinearSVC,mean_v2,0.702047546946094,new bias
adult,0.208397849202006,LinearSVC,similar_v1,0.576289886807012,new bias
adult,0.051651264322455,LinearSVC,similar_v2,0.654191068356786,new bias
adult,0.3135301744177,LinearSVC,multi_v1,0.504673679087627,new bias
adult,0.192169260738477,LinearSVC,multi_v2,0.573087043323263,new bias
adult,0.623675627936313,SVC,mean_v1,0.407934208470934,new bias
adult,-0.117782549156779,SVC,mean_v2,0.71063821576171,new bias
adult,0.289125229354154,SVC,similar_v1,0.580123108423812,new bias
adult,0.068327067916627,SVC,similar_v2,0.658240234706586,new bias
adult,0.529628586632951,SVC,multi_v1,0.465112520257431,new bias
adult,0.472637097448072,SVC,multi_v2,0.541806496293864,new bias
adult,1.37916789359517,Forest,mean_v1,0.330052475626196,new bias
adult,0.007207834595956,Forest,mean_v2,0.593678603839295,new bias
adult,0.641419050225685,Forest,similar_v1,0.574724307654231,new bias
adult,-0.12241243783285,Forest,similar_v2,0.770713530710072,new bias
adult,0.319349156430445,Forest,multi_v1,0.675304930674419,new bias
adult,0.387976880822122,Forest,multi_v2,0.663435490070911,new bias
adult,0.223848011925015,LogReg,mean_v1,0.582789619841714,new bias
adult,-0.112300628428365,LogReg,mean_v2,0.707291746267811,new bias
adult,0.227028482808555,LogReg,similar_v1,0.580708575667328,new bias
adult,0.053427112000185,LogReg,similar_v2,0.657183737398059,new bias
adult,0.345696980802713,LogReg,multi_v1,0.502539913396203,new bias
adult,0.20367335039408,LogReg,multi_v2,0.575915911640194,new bias
adult,1.05592802984472,Tree,mean_v1,0.39286946202667,new bias
adult,-0.004382206837968,Tree,mean_v2,0.611701050528487,new bias
adult,0.792946702722705,Tree,similar_v1,0.532107195121566,new bias
adult,-0.035741597060734,Tree,similar_v2,0.720367723400723,new bias
adult,0.593755782942605,Tree,multi_v1,0.563719598307469,new bias
adult,0.61680750126161,Tree,multi_v2,0.555706530887371,new bias
adult,0.425702029934624,MLP,mean_v1,0.5648752896735,new bias
adult,-0.166273429956391,MLP,mean_v2,0.83118500505953,new bias
adult,0.436783484006375,MLP,similar_v1,0.553514541419137,new bias
adult,-0.129934604499455,MLP,similar_v2,0.758303407384096,new bias
adult,0.472302379572949,MLP,multi_v1,0.531339667679703,new bias
adult,0.535695316246789,MLP,multi_v2,0.524575987485695,new bias
communities,0.067851750579378,KNN,mean_v1,0.668976976815009,new bias
communities,0.047281531618847,KNN,mean_v2,0.631064148714057,new bias
communities,0.128651806376153,KNN,similar_v1,0.635205929812763,new bias
communities,0.122477581536226,KNN,similar_v2,0.577528931877457,new bias
communities,0.079880954994598,KNN,multi_v1,0.674606793099122,new bias
communities,0.045192522225728,KNN,multi_v2,0.652911516742286,new bias
communities,0.062390092489482,LinearSVC,mean_v1,0.739166042136156,new bias
communities,0.042612009403821,LinearSVC,mean_v2,0.620927862126411,new bias
communities,0.083554899729926,LinearSVC,similar_v1,0.71069112988452,new bias
communities,0.080002233126103,LinearSVC,similar_v2,0.597344775704838,new bias
communities,0.083174928910752,LinearSVC,multi_v1,0.680934071106455,new bias
communities,0.118224098493942,LinearSVC,multi_v2,0.64143389608439,new bias
communities,0.068588147046532,SVC,mean_v1,0.71945734488245,new bias
communities,0.014937831325987,SVC,mean_v2,0.711837462080214,new bias
communities,0.07019942891735,SVC,similar_v1,0.709116786032887,new bias
communities,0.071955435256881,SVC,similar_v2,0.654423876861327,new bias
communities,0.06456715757371,SVC,multi_v1,0.700455811432593,new bias
communities,0.028617259100485,SVC,multi_v2,0.683519928164245,new bias
communities,0.172999841118676,Forest,mean_v1,0.653879742320104,new bias
communities,-0.148170262764184,Forest,mean_v2,0.759608896652919,new bias
communities,0.068842742469636,Forest,similar_v1,0.737266754326211,new bias
communities,0.017135456892533,Forest,similar_v2,0.75184115726446,new bias
communities,0.081982039851922,Forest,multi_v1,0.715988110154042,new bias
communities,0.086685452248735,Forest,multi_v2,0.687966356762603,new bias
communities,0.056682809330104,LogReg,mean_v1,0.746684921198052,new bias
communities,0.042012212602255,LogReg,mean_v2,0.624809068918589,new bias
communities,0.080340718955227,LogReg,similar_v1,0.713501128881692,new bias
communities,0.070981483945122,LogReg,similar_v2,0.606513744256872,new bias
communities,0.083297652630533,LogReg,multi_v1,0.680423817044426,new bias
communities,0.115831230091499,LogReg,multi_v2,0.644968492297434,new bias
communities,0.146163801553597,Tree,mean_v1,0.590828727542004,new bias
communities,-0.05929408553165,Tree,mean_v2,0.664365331203188,new bias
communities,0.090117478464461,Tree,similar_v1,0.66443267799241,new bias
communities,0.049371272664443,Tree,similar_v2,0.644178193321729,new bias
communities,0.078379308223331,Tree,multi_v1,0.643414660980996,new bias
communities,0.086861793283179,Tree,multi_v2,0.637735597185011,new bias
communities,0.049729882364128,MLP,mean_v1,0.751868174405562,new bias
communities,0.032394496122879,MLP,mean_v2,0.705896267222496,new bias
communities,0.082497850952428,MLP,similar_v1,0.708993670643404,new bias
communities,0.077814796521008,MLP,similar_v2,0.645818498787328,new bias
communities,0.08069994532435,MLP,multi_v1,0.69788162197551,new bias
communities,0.071741127445888,MLP,multi_v2,0.671146568405109,new bias
